{"stats":{"minecraft:crafted":{"minecraft:wooden_sword":1,"minecraft:oak_door":3,"minecraft:oak_planks":252,"minecraft:iron_nugget":18,"minecraft:furnace":3,"minecraft:cooked_mutton":7,"minecraft:iron_boots":1,"create:mechanical_press":1,"minecraft:iron_axe":3,"minecraft:stone_pickaxe":1,"minecraft:chest":11,"create:cogwheel":3,"biggerreactors:uranium_ingot":42,"sophisticatedbackpacks:iron_backpack":1,"minecraft:wheat":126,"minecraft:cooked_beef":14,"create:depot":1,"create:andesite_alloy":5,"sophisticatedbackpacks:backpack":1,"minecraft:emerald":2,"minecraft:cooked_porkchop":1,"minecraft:crafting_table":7,"minecraft:iron_helmet":1,"minecraft:wooden_pickaxe":1,"minecraft:iron_sword":1,"create:large_water_wheel":3,"minecraft:copper_ingot":38,"sophisticatedbackpacks:gold_backpack":1,"minecraft:bucket":1,"minecraft:bread":42,"minecraft:air":0,"minecraft:iron_chestplate":1,"create:water_wheel":3,"minecraft:shield":1,"sophisticatedbackpacks:diamond_backpack":1,"minecraft:stick":108,"minecraft:iron_ingot":330,"minecraft:iron_pickaxe":5,"minecraft:wooden_axe":1,"minecraft:iron_block":82,"minecraft:stone_sword":1,"minecraft:iron_shovel":1,"minecraft:iron_leggings":1,"minecraft:gold_ingot":47,"create:large_cogwheel":2,"minecraft:white_bed":1,"create:shaft":8,"minecraft:torch":372,"minecraft:lapis_block":14},"minecraft:custom":{"minecraft:interact_with_smithing_table":2,"minecraft:mob_kills":178,"minecraft:interact_with_crafting_table":55,"minecraft:open_barrel":24,"goblintraders:trade_with_goblin":118,"minecraft:damage_dealt_resisted":321,"minecraft:leave_game":5,"minecraft:time_since_death":105636,"minecraft:climb_one_cm":305,"minecraft:sprint_one_cm":605304,"minecraft:walk_one_cm":852647,"minecraft:damage_blocked_by_shield":3455,"minecraft:drop":22,"minecraft:talked_to_villager":3,"minecraft:play_time":299325,"minecraft:deaths":5,"minecraft:sneak_time":4549,"minecraft:walk_under_water_one_cm":111455,"minecraft:jump":3686,"minecraft:walk_on_water_one_cm":31325,"minecraft:total_world_time":299325,"minecraft:interact_with_furnace":56,"minecraft:interact_with_cartography_table":3,"minecraft:sleep_in_bed":8,"minecraft:time_since_rest":3586,"minecraft:damage_taken":5094,"minecraft:damage_dealt":34598,"minecraft:swim_one_cm":243152,"minecraft:fly_one_cm":575167,"minecraft:open_chest":104,"minecraft:crouch_one_cm":7119,"minecraft:fall_one_cm":79623},"minecraft:used":{"minecraft:stone_sword":113,"minecraft:iron_shovel":24,"minecraft:chest":9,"minecraft:shield":149,"minecraft:iron_sword":240,"minecraft:oak_door":3,"minecraft:torch":349,"create:cogwheel":5,"create:depot":1,"minecraft:tuff":6,"minecraft:wooden_axe":29,"minecraft:iron_axe":333,"minecraft:magma_block":6,"minecraft:furnace":5,"minecraft:cooked_beef":10,"minecraft:cooked_mutton":6,"minecraft:water_bucket":5,"minecraft:cobblestone_stairs":1,"minecraft:stone_pickaxe":131,"minecraft:wooden_pickaxe":7,"minecraft:crafting_table":10,"minecraft:white_bed":2,"minecraft:oak_log":4,"create:mechanical_press":1,"minecraft:bread":53,"minecraft:iron_pickaxe":1237,"create:large_water_wheel":6,"minecraft:wooden_sword":3,"minecraft:cobblestone":91,"minecraft:cooked_porkchop":1,"minecraft:bucket":5,"biomesoplenty:fir_log":2,"create:large_cogwheel":5},"minecraft:broken":{"minecraft:golden_helmet":1,"minecraft:stone_pickaxe":1,"minecraft:iron_axe":2,"minecraft:iron_pickaxe":4},"minecraft:dropped":{"minecraft:wheat_seeds":3,"minecraft:dirt":40,"biomesoplenty:goldenrod":4,"gravestone:obituary":7,"minecraft:stone_brick_slab":1,"minecraft:bone":4,"minecraft:sugar_cane":5,"minecraft:stone_sword":1,"minecraft:rotten_flesh":1,"minecraft:poppy":2,"minecraft:arrow":1,"minecraft:netherrack":6},"minecraft:killed":{"minecraft:cave_spider":10,"minecraft:spider":13,"minecraft:slime":8,"minecraft:skeleton":29,"artifacts:mimic":5,"minecraft:pig":1,"minecraft:iron_golem":1,"minecraft:bat":1,"minecraft:creeper":19,"minecraft:sheep":4,"minecraft:zombie":73,"minecraft:cow":9},"minecraft:killed_by":{"minecraft:creeper":1,"minecraft:zombie":2},"minecraft:picked_up":{"biomesoplenty:redwood_log":25,"minecraft:crafting_table":8,"minecraft:clay_ball":32,"gravestone:obituary":3,"biggerreactors:uranium_ore":42,"minecraft:amethyst_block":118,"minecraft:string":23,"minecraft:raw_copper":19,"create:limestone":2,"artifacts:power_glove":1,"minecraft:cobbled_deepslate":52,"minecraft:beef":14,"minecraft:calcite":57,"minecraft:poppy":2,"minecraft:sugar_cane":5,"minecraft:chest":1,"biomesoplenty:hanging_cobweb":4,"minecraft:furnace":3,"minecraft:stick":16,"minecraft:raw_iron":285,"minecraft:torch":21,"create:andesite_casing":2,"minecraft:porkchop":1,"minecraft:diorite":5,"minecraft:redstone":46,"create:large_cogwheel":2,"artifacts:snorkel":1,"minecraft:stone_sword":1,"minecraft:arrow":34,"minecraft:rotten_flesh":67,"minecraft:hay_block":14,"biomesoplenty:redwood_sapling":6,"artifacts:panic_necklace":2,"minecraft:mutton":7,"minecraft:white_wool":4,"minecraft:cobblestone":269,"minecraft:magma_block":6,"minecraft:glow_ink_sac":1,"minecraft:andesite":114,"biomesoplenty:goldenrod":40,"minecraft:leather":9,"biomesoplenty:fir_log":2,"minecraft:tuff":6,"create:raw_zinc":26,"minecraft:oak_log":82,"minecraft:gunpowder":24,"minecraft:cobblestone_stairs":1,"minecraft:lapis_lazuli":130,"minecraft:dirt":58,"tconstruct:sky_slime_crystal_block":107,"minecraft:bone":35,"minecraft:apple":1,"minecraft:stone_bricks":3,"minecraft:bow":1,"minecraft:wheat_seeds":42,"minecraft:raw_gold":33,"minecraft:iron_ingot":5,"minecraft:smooth_basalt":1,"create:large_water_wheel":3,"create:cogwheel":2,"minecraft:stone_brick_slab":2,"minecraft:amethyst_shard":20,"minecraft:blast_furnace":1,"minecraft:white_bed":1,"minecraft:spider_eye":10,"minecraft:mossy_cobblestone":7,"artifacts:plastic_drinking_hat":1,"minecraft:slime_ball":3,"minecraft:diamond":35,"minecraft:granite":18,"minecraft:emerald":1,"minecraft:oak_sapling":14,"minecraft:netherrack":6,"minecraft:coal":225},"minecraft:mined":{"create:zinc_ore":17,"minecraft:tuff":6,"minecraft:white_bed":1,"minecraft:mossy_cobblestone":7,"minecraft:deepslate_diamond_ore":36,"create:andesite_casing":2,"minecraft:cobblestone_stairs":1,"tconstruct:sky_slime_crystal_block":108,"gravestone:gravestone":5,"minecraft:granite":12,"biomesoplenty:bush":1,"minecraft:grass_block":23,"create:large_cogwheel":2,"tconstruct:small_sky_slime_crystal_bud":1,"tconstruct:large_sky_slime_crystal_bud":3,"minecraft:hay_block":14,"minecraft:magma_block":6,"minecraft:redstone_ore":5,"minecraft:furnace":3,"biggerreactors:uranium_ore":42,"minecraft:iron_ore":193,"biomesoplenty:lavender":12,"minecraft:andesite":113,"treechop:chopped_log":4,"minecraft:deepslate_lapis_ore":13,"biomesoplenty:hanging_cobweb":4,"minecraft:deepslate_iron_ore":32,"biomesoplenty:webbing":29,"biomesoplenty:spider_egg":3,"minecraft:stone":236,"create:limestone":2,"minecraft:deepslate_redstone_ore":4,"create:cogwheel":2,"minecraft:amethyst_cluster":3,"minecraft:stone_brick_slab":1,"biomesoplenty:hanging_cobweb_strand":2,"minecraft:clay":8,"minecraft:crafting_table":9,"minecraft:torch":8,"minecraft:blast_furnace":1,"minecraft:emerald_ore":1,"minecraft:calcite":59,"minecraft:chest":1,"minecraft:copper_ore":6,"minecraft:tall_grass":5,"minecraft:cobblestone":18,"minecraft:deepslate_gold_ore":21,"minecraft:lapis_ore":6,"minecraft:sugar_cane":2,"minecraft:diorite":3,"minecraft:wall_torch":3,"minecraft:amethyst_block":119,"biomesoplenty:goldenrod":37,"create:large_water_wheel":1,"create:water_wheel_structure":2,"tconstruct:budding_sky_slime_crystal":2,"minecraft:grass":157,"minecraft:oak_log":11,"minecraft:coal_ore":188,"minecraft:sunflower":1,"minecraft:dirt":1,"biomesoplenty:stringy_cobweb":18,"minecraft:cobweb":11,"minecraft:smooth_basalt":1,"minecraft:stone_bricks":3,"minecraft:netherrack":6,"minecraft:gold_ore":9,"minecraft:oak_leaves":14,"minecraft:deepslate":47,"minecraft:fern":4}},"DataVersion":2975}