{"stats":{"minecraft:crafted":{"minecraft:wooden_sword":1,"minecraft:oak_door":3,"minecraft:oak_planks":356,"minecraft:iron_nugget":99,"minecraft:furnace":3,"minecraft:cooked_mutton":7,"minecraft:iron_boots":1,"create:mechanical_press":1,"minecraft:iron_axe":3,"minecraft:stone_pickaxe":1,"minecraft:chest":11,"minecraft:redstone_block":1,"create:cogwheel":3,"biggerreactors:uranium_ingot":42,"sophisticatedbackpacks:iron_backpack":1,"minecraft:wheat":207,"minecraft:cooked_beef":14,"create:depot":1,"create:andesite_alloy":45,"minecraft:diamond_sword":1,"sophisticatedbackpacks:backpack":1,"minecraft:emerald":2,"minecraft:cooked_porkchop":1,"minecraft:crafting_table":7,"minecraft:iron_helmet":1,"minecraft:wooden_pickaxe":1,"minecraft:iron_sword":1,"create:large_water_wheel":3,"minecraft:copper_ingot":38,"sophisticatedbackpacks:gold_backpack":1,"minecraft:bucket":1,"minecraft:bread":69,"minecraft:air":0,"minecraft:iron_chestplate":2,"minecraft:diamond_pickaxe":1,"create:water_wheel":3,"minecraft:shield":1,"sophisticatedbackpacks:diamond_backpack":1,"minecraft:stick":116,"minecraft:iron_ingot":394,"minecraft:iron_pickaxe":5,"minecraft:wooden_axe":1,"minecraft:iron_block":82,"minecraft:stone_sword":1,"minecraft:iron_shovel":1,"minecraft:iron_leggings":1,"minecraft:gold_ingot":47,"create:large_cogwheel":2,"minecraft:white_bed":1,"create:shaft":8,"minecraft:torch":372,"minecraft:diamond_chestplate":1,"minecraft:lapis_block":14},"minecraft:custom":{"minecraft:interact_with_smithing_table":2,"minecraft:mob_kills":181,"minecraft:interact_with_crafting_table":58,"minecraft:open_barrel":24,"goblintraders:trade_with_goblin":118,"minecraft:bell_ring":1,"minecraft:damage_dealt_resisted":321,"minecraft:leave_game":5,"minecraft:time_since_death":129636,"minecraft:climb_one_cm":305,"minecraft:sprint_one_cm":648734,"minecraft:walk_one_cm":942526,"minecraft:damage_blocked_by_shield":3563,"minecraft:drop":22,"minecraft:talked_to_villager":4,"minecraft:play_time":323325,"minecraft:deaths":5,"minecraft:sneak_time":4549,"minecraft:walk_under_water_one_cm":111513,"minecraft:jump":3969,"minecraft:walk_on_water_one_cm":33962,"minecraft:total_world_time":323325,"minecraft:interact_with_furnace":61,"minecraft:interact_with_cartography_table":3,"minecraft:sleep_in_bed":10,"minecraft:time_since_rest":1748,"minecraft:damage_taken":5255,"minecraft:damage_dealt":35138,"minecraft:swim_one_cm":243152,"minecraft:fly_one_cm":636184,"minecraft:open_chest":149,"minecraft:crouch_one_cm":7119,"minecraft:fall_one_cm":87214},"minecraft:used":{"minecraft:stone_sword":115,"minecraft:iron_shovel":184,"minecraft:chest":10,"minecraft:shield":150,"minecraft:iron_sword":250,"minecraft:oak_door":3,"minecraft:torch":349,"minecraft:dirt":2,"create:cogwheel":5,"create:depot":1,"minecraft:tuff":6,"minecraft:wooden_axe":29,"minecraft:iron_axe":395,"minecraft:magma_block":6,"minecraft:furnace":5,"minecraft:cooked_beef":12,"minecraft:cooked_mutton":7,"minecraft:water_bucket":5,"minecraft:cobblestone_stairs":1,"minecraft:stone_pickaxe":131,"minecraft:oak_planks":79,"minecraft:wooden_pickaxe":7,"minecraft:crafting_table":10,"minecraft:white_bed":2,"minecraft:oak_log":20,"minecraft:diamond_pickaxe":10,"create:mechanical_press":1,"minecraft:bread":54,"minecraft:iron_pickaxe":1237,"create:large_water_wheel":6,"minecraft:wooden_sword":3,"minecraft:cobblestone":91,"minecraft:cooked_porkchop":1,"minecraft:bucket":5,"biomesoplenty:fir_log":2,"create:large_cogwheel":5},"minecraft:broken":{"minecraft:golden_helmet":1,"minecraft:stone_pickaxe":1,"minecraft:iron_axe":2,"minecraft:iron_sword":1,"minecraft:iron_pickaxe":4},"minecraft:dropped":{"minecraft:wheat_seeds":3,"minecraft:dirt":40,"biomesoplenty:goldenrod":4,"gravestone:obituary":7,"minecraft:stone_brick_slab":1,"minecraft:bone":4,"minecraft:sugar_cane":5,"minecraft:stone_sword":1,"minecraft:rotten_flesh":1,"minecraft:poppy":2,"minecraft:arrow":1,"minecraft:netherrack":6},"minecraft:killed":{"minecraft:cave_spider":10,"minecraft:spider":13,"minecraft:slime":8,"minecraft:skeleton":29,"artifacts:mimic":5,"minecraft:pig":3,"minecraft:iron_golem":2,"minecraft:bat":1,"minecraft:creeper":19,"minecraft:sheep":4,"minecraft:zombie":73,"minecraft:cow":9},"minecraft:killed_by":{"minecraft:creeper":1,"minecraft:zombie":2},"minecraft:picked_up":{"biomesoplenty:redwood_log":25,"minecraft:crafting_table":8,"minecraft:clay_ball":48,"gravestone:obituary":3,"biggerreactors:uranium_ore":42,"minecraft:amethyst_block":118,"minecraft:string":23,"minecraft:raw_copper":19,"create:limestone":2,"artifacts:power_glove":1,"minecraft:cobbled_deepslate":52,"minecraft:beef":14,"minecraft:calcite":57,"minecraft:poppy":4,"minecraft:sugar_cane":11,"minecraft:chest":2,"biomesoplenty:hanging_cobweb":4,"minecraft:egg":1,"minecraft:furnace":3,"minecraft:stick":18,"minecraft:raw_iron":285,"minecraft:torch":21,"create:andesite_casing":18,"minecraft:porkchop":4,"minecraft:diorite":5,"minecraft:redstone":46,"create:large_cogwheel":2,"artifacts:snorkel":1,"minecraft:stone_sword":1,"minecraft:arrow":34,"minecraft:rotten_flesh":67,"minecraft:hay_block":23,"biomesoplenty:redwood_sapling":6,"artifacts:panic_necklace":2,"minecraft:mutton":7,"minecraft:white_wool":4,"minecraft:cobblestone":270,"minecraft:magma_block":6,"minecraft:glow_ink_sac":1,"minecraft:andesite":114,"biomesoplenty:goldenrod":41,"minecraft:leather":9,"biomesoplenty:fir_log":2,"minecraft:tuff":6,"create:raw_zinc":26,"minecraft:oak_log":124,"minecraft:gunpowder":24,"minecraft:cobblestone_stairs":1,"minecraft:lapis_lazuli":130,"minecraft:dirt":199,"tconstruct:sky_slime_crystal_block":107,"minecraft:bone":35,"minecraft:apple":1,"minecraft:stone_bricks":3,"minecraft:bow":1,"minecraft:wheat_seeds":43,"minecraft:raw_gold":33,"minecraft:iron_ingot":10,"minecraft:oak_planks":4,"minecraft:smooth_basalt":1,"create:large_water_wheel":3,"create:cogwheel":2,"minecraft:stone_brick_slab":2,"minecraft:sand":14,"minecraft:amethyst_shard":20,"minecraft:blast_furnace":1,"minecraft:white_bed":1,"minecraft:spider_eye":10,"minecraft:mossy_cobblestone":7,"artifacts:plastic_drinking_hat":1,"minecraft:slime_ball":3,"minecraft:diamond":35,"minecraft:granite":18,"minecraft:terracotta":2,"minecraft:emerald":3,"minecraft:oak_sapling":24,"minecraft:netherrack":6,"minecraft:coal":225},"minecraft:mined":{"create:zinc_ore":17,"minecraft:tuff":6,"minecraft:white_bed":1,"minecraft:mossy_cobblestone":7,"minecraft:deepslate_diamond_ore":36,"create:andesite_casing":18,"minecraft:cobblestone_stairs":1,"tconstruct:sky_slime_crystal_block":108,"gravestone:gravestone":5,"minecraft:granite":12,"biomesoplenty:bush":1,"minecraft:grass_block":157,"create:large_cogwheel":2,"tconstruct:small_sky_slime_crystal_bud":1,"tconstruct:large_sky_slime_crystal_bud":3,"minecraft:hay_block":23,"minecraft:magma_block":6,"minecraft:redstone_ore":5,"minecraft:furnace":3,"biggerreactors:uranium_ore":42,"minecraft:iron_ore":193,"biomesoplenty:lavender":12,"minecraft:andesite":113,"treechop:chopped_log":6,"minecraft:deepslate_lapis_ore":13,"biomesoplenty:hanging_cobweb":4,"minecraft:deepslate_iron_ore":32,"biomesoplenty:webbing":29,"biomesoplenty:spider_egg":3,"minecraft:stone":237,"create:limestone":2,"minecraft:deepslate_redstone_ore":4,"create:cogwheel":2,"minecraft:amethyst_cluster":3,"minecraft:stone_brick_slab":1,"biomesoplenty:hanging_cobweb_strand":2,"minecraft:clay":12,"minecraft:crafting_table":9,"minecraft:torch":8,"minecraft:blast_furnace":1,"minecraft:emerald_ore":3,"minecraft:calcite":59,"minecraft:chest":2,"minecraft:copper_ore":6,"minecraft:tall_grass":5,"minecraft:cobblestone":18,"minecraft:deepslate_gold_ore":21,"minecraft:lapis_ore":6,"minecraft:oak_planks":4,"minecraft:sugar_cane":4,"minecraft:diorite":3,"minecraft:wall_torch":3,"minecraft:amethyst_block":119,"biomesoplenty:goldenrod":38,"create:large_water_wheel":1,"create:water_wheel_structure":2,"tconstruct:budding_sky_slime_crystal":2,"minecraft:grass":158,"minecraft:oak_log":11,"minecraft:coal_ore":188,"minecraft:sunflower":1,"minecraft:sand":14,"minecraft:dirt":8,"biomesoplenty:stringy_cobweb":18,"minecraft:cobweb":11,"minecraft:smooth_basalt":1,"minecraft:terracotta":2,"minecraft:stone_bricks":3,"minecraft:netherrack":6,"minecraft:gold_ore":9,"minecraft:oak_leaves":14,"minecraft:deepslate":47,"minecraft:fern":4}},"DataVersion":2975}