{"stats":{"minecraft:crafted":{"minecraft:cooked_beef":14,"minecraft:wooden_sword":1,"create:depot":1,"create:andesite_alloy":5,"minecraft:oak_planks":68,"sophisticatedbackpacks:backpack":1,"minecraft:iron_nugget":18,"minecraft:crafting_table":2,"minecraft:wooden_pickaxe":1,"minecraft:furnace":2,"minecraft:bucket":1,"minecraft:cooked_mutton":4,"minecraft:bread":21,"minecraft:air":0,"create:water_wheel":1,"minecraft:shield":1,"create:mechanical_press":1,"minecraft:iron_axe":1,"minecraft:stick":8,"minecraft:iron_block":1,"minecraft:iron_ingot":24,"minecraft:iron_pickaxe":1,"minecraft:stone_pickaxe":1,"minecraft:wooden_axe":1,"minecraft:stone_sword":1,"minecraft:chest":2,"create:large_cogwheel":1,"minecraft:white_bed":1,"create:shaft":8,"minecraft:torch":28,"create:cogwheel":1,"minecraft:wheat":63},"minecraft:picked_up":{"biomesoplenty:redwood_log":25,"minecraft:crafting_table":3,"biomesoplenty:goldenrod":34,"minecraft:andesite":11,"minecraft:leather":9,"biomesoplenty:fir_log":2,"minecraft:oak_log":46,"minecraft:gunpowder":11,"minecraft:cobblestone_stairs":1,"minecraft:dirt":26,"minecraft:string":6,"minecraft:bone":3,"minecraft:apple":1,"minecraft:stone_bricks":3,"minecraft:wheat_seeds":37,"minecraft:iron_ingot":5,"minecraft:beef":14,"minecraft:poppy":2,"minecraft:furnace":2,"minecraft:raw_iron":24,"minecraft:stick":13,"minecraft:stone_brick_slab":2,"minecraft:torch":1,"create:andesite_casing":2,"minecraft:blast_furnace":1,"minecraft:white_bed":1,"minecraft:spider_eye":1,"minecraft:rotten_flesh":6,"minecraft:arrow":9,"minecraft:hay_block":7,"minecraft:emerald":1,"biomesoplenty:redwood_sapling":6,"minecraft:oak_sapling":10,"minecraft:cobblestone":103,"minecraft:netherrack":6,"minecraft:mutton":7,"minecraft:coal":73,"minecraft:white_wool":4},"minecraft:used":{"minecraft:cooked_mutton":3,"minecraft:stone_sword":62,"minecraft:cobblestone_stairs":1,"minecraft:stone_pickaxe":101,"minecraft:chest":1,"minecraft:wooden_pickaxe":7,"minecraft:shield":17,"minecraft:torch":28,"minecraft:crafting_table":5,"minecraft:white_bed":2,"create:depot":1,"minecraft:oak_log":4,"minecraft:wooden_axe":29,"create:mechanical_press":1,"minecraft:iron_axe":144,"minecraft:bread":21,"minecraft:iron_pickaxe":116,"minecraft:wooden_sword":3,"minecraft:cobblestone":4,"minecraft:furnace":4,"biomesoplenty:fir_log":2,"minecraft:cooked_beef":2},"minecraft:dropped":{"minecraft:wheat_seeds":3,"minecraft:poppy":2,"minecraft:dirt":24,"biomesoplenty:goldenrod":3,"minecraft:stone_brick_slab":1,"minecraft:netherrack":6,"minecraft:bone":3},"minecraft:mined":{"minecraft:white_bed":1,"create:andesite_casing":2,"minecraft:cobblestone_stairs":1,"minecraft:stone_brick_slab":1,"minecraft:crafting_table":4,"minecraft:torch":1,"minecraft:blast_furnace":1,"minecraft:emerald_ore":1,"minecraft:grass_block":7,"minecraft:tall_grass":2,"minecraft:cobblestone":5,"minecraft:sugar_cane":2,"biomesoplenty:goldenrod":31,"minecraft:hay_block":7,"minecraft:furnace":2,"minecraft:iron_ore":17,"biomesoplenty:lavender":11,"minecraft:andesite":11,"treechop:chopped_log":3,"biomesoplenty:hanging_cobweb":2,"minecraft:grass":137,"minecraft:oak_log":11,"minecraft:coal_ore":70,"biomesoplenty:webbing":7,"minecraft:sunflower":1,"minecraft:dirt":1,"minecraft:cobweb":3,"biomesoplenty:stringy_cobweb":1,"minecraft:stone_bricks":3,"minecraft:stone":98,"minecraft:netherrack":6,"minecraft:oak_leaves":11,"minecraft:fern":4},"minecraft:custom":{"minecraft:interact_with_furnace":27,"minecraft:mob_kills":49,"minecraft:interact_with_crafting_table":15,"minecraft:leave_game":2,"minecraft:time_since_death":68603,"minecraft:sleep_in_bed":3,"minecraft:climb_one_cm":305,"minecraft:time_since_rest":3730,"minecraft:sprint_one_cm":229440,"minecraft:damage_taken":1249,"minecraft:walk_one_cm":254462,"minecraft:damage_blocked_by_shield":415,"minecraft:drop":8,"minecraft:damage_dealt":9238,"minecraft:swim_one_cm":15006,"minecraft:talked_to_villager":3,"minecraft:fly_one_cm":235434,"minecraft:open_chest":25,"minecraft:crouch_one_cm":1612,"minecraft:play_time":68603,"minecraft:sneak_time":664,"minecraft:walk_under_water_one_cm":2833,"minecraft:jump":1333,"minecraft:walk_on_water_one_cm":5105,"minecraft:total_world_time":68603,"minecraft:fall_one_cm":26996},"minecraft:killed":{"minecraft:spider":5,"minecraft:iron_golem":1,"minecraft:creeper":5,"minecraft:sheep":4,"minecraft:skeleton":6,"minecraft:zombie":19,"minecraft:cow":9}},"DataVersion":2975}