{"stats":{"minecraft:killed":{"minecraft:cave_spider":9,"minecraft:spider":11,"minecraft:slime":8,"minecraft:skeleton":27,"artifacts:mimic":4,"minecraft:pig":1,"minecraft:iron_golem":1,"minecraft:bat":1,"minecraft:creeper":17,"minecraft:sheep":4,"minecraft:zombie":69,"minecraft:cow":9},"minecraft:killed_by":{"minecraft:creeper":1,"minecraft:zombie":2},"minecraft:custom":{"minecraft:interact_with_smithing_table":2,"minecraft:mob_kills":164,"minecraft:interact_with_crafting_table":45,"minecraft:open_barrel":22,"goblintraders:trade_with_goblin":118,"minecraft:damage_dealt_resisted":321,"minecraft:leave_game":3,"minecraft:time_since_death":31762,"minecraft:climb_one_cm":305,"minecraft:sprint_one_cm":559386,"minecraft:walk_one_cm":774175,"minecraft:damage_blocked_by_shield":2335,"minecraft:drop":17,"minecraft:talked_to_villager":3,"minecraft:play_time":225451,"minecraft:deaths":5,"minecraft:sneak_time":4193,"minecraft:walk_under_water_one_cm":59317,"minecraft:jump":3327,"minecraft:walk_on_water_one_cm":25323,"minecraft:total_world_time":225451,"minecraft:interact_with_furnace":39,"minecraft:interact_with_cartography_table":3,"minecraft:sleep_in_bed":6,"minecraft:time_since_rest":20744,"minecraft:damage_taken":4585,"minecraft:damage_dealt":31797,"minecraft:swim_one_cm":141805,"minecraft:fly_one_cm":502039,"minecraft:open_chest":49,"minecraft:crouch_one_cm":6738,"minecraft:fall_one_cm":70904},"minecraft:broken":{"minecraft:golden_helmet":1,"minecraft:stone_pickaxe":1,"minecraft:iron_axe":2,"minecraft:iron_pickaxe":4},"minecraft:crafted":{"minecraft:wooden_sword":1,"minecraft:oak_door":3,"minecraft:oak_planks":176,"minecraft:iron_nugget":18,"minecraft:furnace":3,"minecraft:cooked_mutton":7,"minecraft:iron_boots":1,"create:mechanical_press":1,"minecraft:iron_axe":2,"minecraft:stone_pickaxe":1,"minecraft:chest":2,"create:cogwheel":3,"sophisticatedbackpacks:iron_backpack":1,"minecraft:wheat":126,"minecraft:cooked_beef":14,"create:depot":1,"create:andesite_alloy":5,"minecraft:emerald":2,"sophisticatedbackpacks:backpack":1,"minecraft:cooked_porkchop":1,"minecraft:crafting_table":7,"minecraft:wooden_pickaxe":1,"minecraft:iron_helmet":1,"minecraft:iron_sword":1,"create:large_water_wheel":3,"minecraft:copper_ingot":38,"minecraft:bucket":1,"minecraft:bread":42,"minecraft:air":0,"minecraft:iron_chestplate":1,"create:water_wheel":3,"minecraft:shield":1,"minecraft:stick":108,"minecraft:iron_ingot":204,"minecraft:iron_pickaxe":5,"minecraft:wooden_axe":1,"minecraft:stone_sword":1,"minecraft:iron_block":63,"minecraft:gold_ingot":21,"minecraft:iron_shovel":1,"minecraft:iron_leggings":1,"create:large_cogwheel":2,"minecraft:white_bed":1,"create:shaft":8,"minecraft:torch":372},"minecraft:dropped":{"minecraft:wheat_seeds":3,"minecraft:dirt":24,"biomesoplenty:goldenrod":4,"gravestone:obituary":7,"minecraft:stone_brick_slab":1,"minecraft:bone":3,"minecraft:rotten_flesh":1,"minecraft:poppy":2,"minecraft:netherrack":6},"minecraft:mined":{"create:zinc_ore":17,"minecraft:tuff":5,"minecraft:white_bed":1,"minecraft:mossy_cobblestone":7,"minecraft:deepslate_diamond_ore":8,"create:andesite_casing":2,"minecraft:cobblestone_stairs":1,"tconstruct:sky_slime_crystal_block":108,"minecraft:granite":12,"gravestone:gravestone":5,"biomesoplenty:bush":1,"minecraft:grass_block":23,"create:large_cogwheel":2,"tconstruct:small_sky_slime_crystal_bud":1,"tconstruct:large_sky_slime_crystal_bud":3,"minecraft:hay_block":14,"minecraft:redstone_ore":5,"minecraft:magma_block":6,"minecraft:furnace":3,"biggerreactors:uranium_ore":34,"minecraft:iron_ore":193,"biomesoplenty:lavender":11,"minecraft:andesite":113,"treechop:chopped_log":4,"minecraft:deepslate_lapis_ore":4,"biomesoplenty:hanging_cobweb":4,"minecraft:deepslate_iron_ore":20,"biomesoplenty:webbing":28,"biomesoplenty:spider_egg":3,"minecraft:stone":236,"create:limestone":2,"minecraft:deepslate_redstone_ore":3,"create:cogwheel":2,"minecraft:amethyst_cluster":3,"minecraft:stone_brick_slab":1,"biomesoplenty:hanging_cobweb_strand":2,"minecraft:crafting_table":9,"minecraft:torch":7,"minecraft:blast_furnace":1,"minecraft:emerald_ore":1,"minecraft:calcite":59,"minecraft:copper_ore":6,"minecraft:tall_grass":3,"minecraft:cobblestone":18,"minecraft:deepslate_gold_ore":14,"minecraft:lapis_ore":6,"minecraft:sugar_cane":2,"minecraft:diorite":3,"minecraft:wall_torch":2,"minecraft:amethyst_block":119,"biomesoplenty:goldenrod":34,"create:large_water_wheel":1,"tconstruct:budding_sky_slime_crystal":2,"create:water_wheel_structure":2,"minecraft:grass":149,"minecraft:oak_log":11,"minecraft:coal_ore":185,"minecraft:sunflower":1,"minecraft:dirt":1,"biomesoplenty:stringy_cobweb":18,"minecraft:cobweb":11,"minecraft:smooth_basalt":1,"minecraft:stone_bricks":3,"minecraft:netherrack":6,"minecraft:gold_ore":9,"minecraft:oak_leaves":14,"minecraft:deepslate":36,"minecraft:fern":4},"minecraft:picked_up":{"biomesoplenty:redwood_log":25,"minecraft:crafting_table":8,"gravestone:obituary":3,"biggerreactors:uranium_ore":34,"minecraft:amethyst_block":118,"minecraft:string":23,"minecraft:raw_copper":19,"create:limestone":2,"minecraft:cobbled_deepslate":43,"minecraft:beef":14,"minecraft:calcite":57,"minecraft:poppy":2,"biomesoplenty:hanging_cobweb":4,"minecraft:furnace":3,"minecraft:stick":16,"minecraft:raw_iron":273,"minecraft:torch":19,"create:andesite_casing":2,"minecraft:porkchop":1,"minecraft:diorite":5,"minecraft:redstone":42,"create:large_cogwheel":2,"artifacts:snorkel":1,"minecraft:arrow":31,"minecraft:rotten_flesh":60,"minecraft:hay_block":14,"artifacts:panic_necklace":2,"biomesoplenty:redwood_sapling":6,"minecraft:mutton":7,"minecraft:cobblestone":269,"minecraft:white_wool":4,"minecraft:magma_block":6,"minecraft:glow_ink_sac":1,"minecraft:andesite":114,"biomesoplenty:goldenrod":37,"minecraft:leather":9,"biomesoplenty:fir_log":2,"minecraft:tuff":5,"create:raw_zinc":26,"minecraft:oak_log":82,"minecraft:gunpowder":22,"minecraft:cobblestone_stairs":1,"minecraft:lapis_lazuli":79,"tconstruct:sky_slime_crystal_block":107,"minecraft:dirt":42,"minecraft:bone":34,"minecraft:apple":1,"minecraft:stone_bricks":3,"minecraft:bow":1,"minecraft:wheat_seeds":40,"minecraft:raw_gold":26,"minecraft:iron_ingot":5,"minecraft:smooth_basalt":1,"create:large_water_wheel":3,"create:cogwheel":2,"minecraft:stone_brick_slab":2,"minecraft:amethyst_shard":20,"minecraft:blast_furnace":1,"minecraft:white_bed":1,"minecraft:mossy_cobblestone":7,"minecraft:spider_eye":10,"artifacts:plastic_drinking_hat":1,"minecraft:slime_ball":3,"minecraft:diamond":8,"minecraft:granite":18,"minecraft:emerald":1,"minecraft:oak_sapling":14,"minecraft:netherrack":6,"minecraft:coal":223},"minecraft:used":{"minecraft:stone_sword":94,"minecraft:iron_shovel":16,"minecraft:chest":1,"minecraft:shield":83,"minecraft:iron_sword":221,"minecraft:oak_door":3,"minecraft:torch":330,"create:cogwheel":5,"create:depot":1,"minecraft:tuff":2,"minecraft:wooden_axe":29,"minecraft:iron_axe":308,"minecraft:magma_block":6,"minecraft:furnace":5,"minecraft:cooked_beef":8,"minecraft:cooked_mutton":5,"minecraft:water_bucket":5,"minecraft:cobblestone_stairs":1,"minecraft:stone_pickaxe":131,"minecraft:wooden_pickaxe":7,"minecraft:crafting_table":10,"minecraft:white_bed":2,"minecraft:oak_log":4,"create:mechanical_press":1,"minecraft:bread":48,"minecraft:iron_pickaxe":1154,"create:large_water_wheel":6,"minecraft:wooden_sword":3,"minecraft:cobblestone":91,"minecraft:cooked_porkchop":1,"minecraft:bucket":5,"biomesoplenty:fir_log":2,"create:large_cogwheel":5}},"DataVersion":2975}