{"stats":{"minecraft:used":{"minecraft:stone_sword":94,"minecraft:iron_shovel":16,"minecraft:chest":1,"minecraft:shield":41,"minecraft:torch":28,"create:cogwheel":5,"create:depot":1,"minecraft:wooden_axe":29,"minecraft:iron_axe":171,"minecraft:furnace":4,"minecraft:cooked_beef":3,"minecraft:cooked_mutton":4,"minecraft:water_bucket":5,"minecraft:cobblestone_stairs":1,"minecraft:stone_pickaxe":101,"minecraft:wooden_pickaxe":7,"minecraft:crafting_table":5,"minecraft:white_bed":2,"minecraft:oak_log":4,"create:mechanical_press":1,"minecraft:bread":21,"minecraft:iron_pickaxe":126,"create:large_water_wheel":6,"minecraft:wooden_sword":3,"minecraft:cobblestone":26,"minecraft:cooked_porkchop":1,"minecraft:bucket":5,"biomesoplenty:fir_log":2,"create:large_cogwheel":5},"minecraft:picked_up":{"biomesoplenty:redwood_log":25,"minecraft:crafting_table":3,"gravestone:obituary":3,"minecraft:string":6,"minecraft:beef":14,"minecraft:poppy":2,"minecraft:furnace":2,"minecraft:raw_iron":24,"minecraft:stick":13,"minecraft:torch":1,"create:andesite_casing":2,"minecraft:porkchop":1,"create:large_cogwheel":2,"minecraft:arrow":19,"minecraft:rotten_flesh":13,"minecraft:hay_block":14,"biomesoplenty:redwood_sapling":6,"minecraft:mutton":7,"minecraft:cobblestone":112,"minecraft:white_wool":4,"minecraft:andesite":11,"minecraft:leather":9,"biomesoplenty:goldenrod":37,"biomesoplenty:fir_log":2,"minecraft:oak_log":46,"minecraft:gunpowder":15,"minecraft:cobblestone_stairs":1,"minecraft:dirt":42,"minecraft:bone":10,"minecraft:apple":1,"minecraft:stone_bricks":3,"minecraft:wheat_seeds":40,"minecraft:iron_ingot":5,"create:large_water_wheel":3,"create:cogwheel":2,"minecraft:stone_brick_slab":2,"minecraft:blast_furnace":1,"minecraft:white_bed":1,"minecraft:spider_eye":3,"minecraft:emerald":1,"minecraft:oak_sapling":10,"minecraft:netherrack":6,"minecraft:coal":73},"minecraft:custom":{"minecraft:mob_kills":65,"minecraft:interact_with_crafting_table":27,"minecraft:leave_game":3,"minecraft:time_since_death":15641,"minecraft:climb_one_cm":305,"minecraft:sprint_one_cm":280398,"minecraft:walk_one_cm":336085,"minecraft:damage_blocked_by_shield":1125,"minecraft:drop":16,"minecraft:talked_to_villager":3,"minecraft:play_time":100588,"minecraft:deaths":3,"minecraft:sneak_time":936,"minecraft:walk_under_water_one_cm":2833,"minecraft:jump":1843,"minecraft:walk_on_water_one_cm":5629,"minecraft:total_world_time":100588,"minecraft:interact_with_furnace":32,"minecraft:sleep_in_bed":4,"minecraft:time_since_rest":1889,"minecraft:damage_taken":2092,"minecraft:damage_dealt":11902,"minecraft:swim_one_cm":15006,"minecraft:fly_one_cm":354771,"minecraft:open_chest":41,"minecraft:crouch_one_cm":3123,"minecraft:fall_one_cm":42821},"minecraft:killed_by":{"minecraft:creeper":1,"minecraft:zombie":2},"minecraft:killed":{"minecraft:spider":6,"minecraft:skeleton":10,"minecraft:pig":1,"minecraft:iron_golem":1,"minecraft:creeper":7,"minecraft:sheep":4,"minecraft:zombie":24,"minecraft:cow":9},"minecraft:broken":{"minecraft:golden_helmet":1,"minecraft:iron_axe":1},"minecraft:mined":{"minecraft:white_bed":1,"create:andesite_casing":2,"minecraft:cobblestone_stairs":1,"gravestone:gravestone":3,"biomesoplenty:bush":1,"minecraft:grass_block":23,"create:large_cogwheel":2,"minecraft:hay_block":14,"minecraft:furnace":2,"minecraft:iron_ore":17,"biomesoplenty:lavender":11,"minecraft:andesite":11,"treechop:chopped_log":3,"biomesoplenty:hanging_cobweb":2,"biomesoplenty:webbing":7,"minecraft:stone":98,"create:cogwheel":2,"minecraft:stone_brick_slab":1,"minecraft:crafting_table":4,"minecraft:torch":1,"minecraft:blast_furnace":1,"minecraft:emerald_ore":1,"minecraft:tall_grass":3,"minecraft:cobblestone":14,"minecraft:sugar_cane":2,"biomesoplenty:goldenrod":34,"create:large_water_wheel":1,"create:water_wheel_structure":2,"minecraft:grass":147,"minecraft:coal_ore":70,"minecraft:oak_log":11,"minecraft:sunflower":1,"minecraft:dirt":1,"biomesoplenty:stringy_cobweb":1,"minecraft:cobweb":3,"minecraft:stone_bricks":3,"minecraft:netherrack":6,"minecraft:oak_leaves":14,"minecraft:fern":4},"minecraft:crafted":{"minecraft:wooden_sword":1,"minecraft:oak_planks":108,"minecraft:iron_nugget":18,"minecraft:furnace":2,"minecraft:cooked_mutton":4,"minecraft:iron_boots":1,"create:mechanical_press":1,"minecraft:iron_axe":2,"minecraft:stone_pickaxe":1,"minecraft:chest":2,"create:cogwheel":3,"minecraft:wheat":126,"minecraft:cooked_beef":14,"create:depot":1,"create:andesite_alloy":5,"sophisticatedbackpacks:backpack":1,"minecraft:cooked_porkchop":1,"minecraft:crafting_table":2,"minecraft:wooden_pickaxe":1,"minecraft:iron_helmet":1,"minecraft:iron_sword":1,"create:large_water_wheel":3,"minecraft:bucket":1,"minecraft:bread":42,"minecraft:air":0,"minecraft:iron_chestplate":1,"create:water_wheel":3,"minecraft:shield":1,"minecraft:stick":20,"minecraft:iron_ingot":24,"minecraft:iron_pickaxe":1,"minecraft:wooden_axe":1,"minecraft:stone_sword":1,"minecraft:iron_block":1,"minecraft:iron_shovel":1,"minecraft:iron_leggings":1,"create:large_cogwheel":2,"minecraft:white_bed":1,"create:shaft":8,"minecraft:torch":28},"minecraft:dropped":{"minecraft:wheat_seeds":3,"minecraft:dirt":24,"biomesoplenty:goldenrod":4,"gravestone:obituary":6,"minecraft:stone_brick_slab":1,"minecraft:bone":3,"minecraft:rotten_flesh":1,"minecraft:poppy":2,"minecraft:netherrack":6}},"DataVersion":2975}