{"stats":{"minecraft:picked_up":{"biomesoplenty:redwood_log":451,"minecraft:crafting_table":1,"minecraft:allium":1,"minecraft:flint":1,"minecraft:oak_log":22,"minecraft:apple":2,"minecraft:iron_ingot":7,"minecraft:poppy":2,"minecraft:oak_planks":3,"minecraft:furnace":1,"minecraft:stick":32,"minecraft:composter":4,"minecraft:gravel":18,"minecraft:blast_furnace":1,"biomesoplenty:redwood_sapling":38,"minecraft:oak_sapling":7,"minecraft:cobblestone":18},"minecraft:custom":{"minecraft:interact_with_furnace":8,"minecraft:mob_kills":2,"minecraft:traded_with_villager":120,"minecraft:interact_with_crafting_table":13,"minecraft:bell_ring":1,"minecraft:leave_game":1,"minecraft:time_since_death":28245,"minecraft:sleep_in_bed":2,"minecraft:time_since_rest":5549,"minecraft:sprint_one_cm":55149,"minecraft:damage_taken":110,"minecraft:walk_one_cm":41270,"minecraft:drop":2,"minecraft:damage_dealt":1998,"minecraft:swim_one_cm":3962,"minecraft:talked_to_villager":39,"minecraft:fly_one_cm":101745,"minecraft:open_chest":1,"minecraft:crouch_one_cm":190,"minecraft:play_time":28245,"minecraft:sneak_time":692,"minecraft:walk_under_water_one_cm":2790,"minecraft:jump":379,"minecraft:walk_on_water_one_cm":4817,"minecraft:total_world_time":28245,"minecraft:fall_one_cm":14318},"minecraft:crafted":{"minecraft:oak_slab":12,"minecraft:smooth_stone":3,"minecraft:oak_planks":32,"minecraft:stone_shovel":1,"minecraft:emerald":105,"minecraft:crafting_table":1,"biomesoplenty:redwood_planks":1804,"minecraft:wooden_pickaxe":1,"minecraft:furnace":1,"minecraft:blast_furnace":1,"minecraft:stone":3,"minecraft:fletching_table":3,"minecraft:stone_axe":1,"minecraft:bread":60,"minecraft:air":0,"minecraft:iron_boots":5,"minecraft:iron_axe":1,"minecraft:stick":3604,"minecraft:flint":6,"minecraft:stone_pickaxe":1,"minecraft:oak_button":1,"minecraft:composter":1},"minecraft:dropped":{"cgm:missile":64,"cgm:bazooka":1},"minecraft:killed":{"minecraft:iron_golem":2},"minecraft:used":{"minecraft:stone_shovel":13,"minecraft:stone_pickaxe":18,"minecraft:oak_planks":3,"minecraft:wooden_pickaxe":8,"minecraft:composter":5,"minecraft:fletching_table":3,"minecraft:crafting_table":2,"minecraft:blast_furnace":2,"minecraft:allium":1,"cgm:bazooka":1,"tconstruct:efln_ball":2,"minecraft:oak_log":7,"minecraft:iron_axe":41,"minecraft:bread":4,"minecraft:stone_axe":79,"minecraft:furnace":1},"minecraft:mined":{"minecraft:crafting_table":1,"minecraft:allium":1,"minecraft:blast_furnace":1,"minecraft:cobblestone":18,"minecraft:composter":4,"minecraft:oak_planks":3,"minecraft:seagrass":1,"minecraft:furnace":1,"treechop:chopped_log":3,"minecraft:oak_log":16,"biomesoplenty:redwood_log":4,"minecraft:gravel":19,"minecraft:oak_leaves":5,"biomesoplenty:reed":6}},"DataVersion":2975}