{"stats":{"minecraft:picked_up":{"minecraft:allium":1,"minecraft:oak_log":5},"minecraft:custom":{"minecraft:open_chest":1,"minecraft:time_since_rest":7726,"minecraft:play_time":7726,"minecraft:sprint_one_cm":16418,"minecraft:damage_taken":100,"minecraft:walk_one_cm":8592,"minecraft:sneak_time":101,"minecraft:bell_ring":1,"minecraft:walk_under_water_one_cm":752,"minecraft:jump":118,"minecraft:time_since_death":7726,"minecraft:walk_on_water_one_cm":2710,"minecraft:total_world_time":7726,"minecraft:interact_with_crafting_table":1,"minecraft:fly_one_cm":53436,"minecraft:swim_one_cm":2871,"minecraft:talked_to_villager":1,"minecraft:fall_one_cm":5960},"minecraft:crafted":{"minecraft:oak_button":1,"minecraft:oak_planks":20,"minecraft:crafting_table":1,"minecraft:stick":4},"minecraft:used":{"minecraft:crafting_table":1,"minecraft:allium":1,"tconstruct:efln_ball":2},"minecraft:mined":{"minecraft:seagrass":1,"minecraft:allium":1,"minecraft:oak_log":5,"biomesoplenty:reed":6}},"DataVersion":2975}