{"stats":{"minecraft:picked_up":{"biomesoplenty:redwood_log":128,"minecraft:stick":6,"minecraft:crafting_table":1,"minecraft:allium":1,"minecraft:composter":4,"minecraft:gravel":18,"minecraft:flint":1,"minecraft:oak_log":18,"minecraft:iron_ingot":4,"biomesoplenty:redwood_sapling":15,"minecraft:oak_sapling":5,"minecraft:cobblestone":9},"minecraft:custom":{"minecraft:time_since_rest":9675,"minecraft:sprint_one_cm":37777,"minecraft:damage_taken":110,"minecraft:walk_one_cm":27875,"minecraft:mob_kills":1,"minecraft:drop":2,"minecraft:damage_dealt":1000,"minecraft:traded_with_villager":41,"minecraft:talked_to_villager":26,"minecraft:swim_one_cm":3962,"minecraft:interact_with_crafting_table":7,"minecraft:fly_one_cm":81303,"minecraft:open_chest":1,"minecraft:crouch_one_cm":190,"minecraft:play_time":19726,"minecraft:bell_ring":1,"minecraft:sneak_time":689,"minecraft:walk_under_water_one_cm":1420,"minecraft:jump":269,"minecraft:walk_on_water_one_cm":3943,"minecraft:time_since_death":19726,"minecraft:sleep_in_bed":1,"minecraft:total_world_time":19726,"minecraft:fall_one_cm":10649},"minecraft:crafted":{"minecraft:oak_slab":12,"minecraft:oak_planks":24,"minecraft:stone_shovel":1,"minecraft:emerald":31,"minecraft:crafting_table":1,"biomesoplenty:redwood_planks":512,"minecraft:stick":1020,"minecraft:flint":6,"minecraft:wooden_pickaxe":1,"minecraft:stone_pickaxe":1,"minecraft:oak_button":1,"minecraft:fletching_table":3,"minecraft:composter":1,"minecraft:stone_axe":1,"minecraft:bread":60,"minecraft:air":0},"minecraft:dropped":{"cgm:bazooka":1,"cgm:missile":64},"minecraft:killed":{"minecraft:iron_golem":1},"minecraft:used":{"minecraft:oak_log":7,"minecraft:bread":3,"minecraft:stone_shovel":13,"minecraft:stone_pickaxe":7,"minecraft:wooden_pickaxe":8,"minecraft:composter":5,"minecraft:fletching_table":3,"minecraft:stone_axe":57,"minecraft:crafting_table":2,"minecraft:allium":1,"cgm:bazooka":1,"tconstruct:efln_ball":2},"minecraft:mined":{"minecraft:seagrass":1,"treechop:chopped_log":2,"minecraft:crafting_table":1,"minecraft:allium":1,"minecraft:oak_log":12,"minecraft:gravel":19,"minecraft:cobblestone":9,"minecraft:composter":4,"biomesoplenty:reed":6}},"DataVersion":2975}